<?xml version="1.0" encoding="UTF-8" standalone="yes"?>
<addon id="repository.kodiwpigulce.pl.k19" name="Kodiwpigulce.pl K19 repository" version="1.1" provider-name="www.kodiwpigulce.pl">
    <extension point="xbmc.addon.repository" name="Kodiwpigulce.pl K19 repository">
        <dir>
            <info compressed="false">https://kodiwpigulce.pl/zip/k19/addons.xml</info>
            <checksum>https://kodiwpigulce.pl/zip/k19/addons.xml.md5</checksum>
            <datadir zip="true">https://kodiwpigulce.pl/zip/k19/</datadir>
        </dir>
        <dir>
            <info compressed="false">https://zip.libka.pl/dists/main/19/addons.xml</info>
            <checksum>https://zip.libka.pl/dists/main/19/addons.xml.md5</checksum>
            <datadir zip="true">https://zip.libka.pl/pool/19/</datadir>
        </dir>
        <dir>
            <info compressed="false">https://zip.kodipl.net/dists/main/19/addons.xml</info>
            <checksum>https://zip.kodipl.net/dists/main/19/addons.xml.md5</checksum>
            <datadir zip="true">https://zip.kodipl.net/pool/19/</datadir>
        </dir>
    </extension>
    <extension point="xbmc.addon.metadata">
        <summary>Repozytorium wtyczek www.kodiwpigulce.pl dla Kodi 19.</summary>
        <description>Zapraszamy po więcej wtyczek na www.kodiwpigulce.pl</description>
        <platform>all</platform>
    </extension>
</addon>